<?xml version="1.0" encoding="UTF-8"?><rss version="2.0"
	xmlns:content="http://purl.org/rss/1.0/modules/content/"
	xmlns:wfw="http://wellformedweb.org/CommentAPI/"
	xmlns:dc="http://purl.org/dc/elements/1.1/"
	xmlns:atom="http://www.w3.org/2005/Atom"
	xmlns:sy="http://purl.org/rss/1.0/modules/syndication/"
	xmlns:slash="http://purl.org/rss/1.0/modules/slash/"
	>

<channel>
	<title>Alessia &#8211; Gelateria ITALIANA</title>
	<atom:link href="http://localhost/gelateria/author/alessia/feed/?simply_static_page=302" rel="self" type="application/rss+xml" />
	<link>./../../../index.html</link>
	<description></description>
	<lastBuildDate>Thu, 02 Mar 2023 14:18:58 +0000</lastBuildDate>
	<language>it-IT</language>
	<sy:updatePeriod>
	hourly	</sy:updatePeriod>
	<sy:updateFrequency>
	1	</sy:updateFrequency>
	<generator>https://wordpress.org/?v=6.1.1</generator>
	<item>
		<title>Gelato? No, Cremato</title>
		<link>./../../../2023/03/02/gelato-no-cremato/index.html</link>
					<comments>./../../../2023/03/02/gelato-no-cremato/index.html#respond</comments>
		
		<dc:creator><![CDATA[Alessia]]></dc:creator>
		<pubDate>Thu, 02 Mar 2023 14:18:58 +0000</pubDate>
				<category><![CDATA[Pillole]]></category>
		<guid isPermaLink="false">./../../../index.html?p=49</guid>

					<description><![CDATA[E&#8217; semplice e saporito e si può preparare anche a casa. Attenzione però a frutta e zucchero. E&#8217; fresco, dolce, ottimo d&#8217;estate.No, non stiamo parlando del gelato, ma del cremolato, saporito prodotto, protagonista della stagione calda e piuttosto somigliante al &#8220;fratello maggiore&#8221; che tutti hanno assaggiato almeno una volta, in cono od in coppetta.Nonostante il&#8230; <a class="more-link" href="./../../../2023/03/02/gelato-no-cremato/index.html">Continua a leggere <span class="screen-reader-text">Gelato? No, Cremato</span></a>]]></description>
										<content:encoded><![CDATA[
<p>E&#8217; semplice e saporito e si può preparare anche a casa. Attenzione però a frutta e zucchero.</p>



<p>E&#8217; fresco, dolce, ottimo d&#8217;estate.<br>No, non stiamo parlando del gelato, ma del cremolato, saporito prodotto, protagonista della stagione calda e piuttosto somigliante al &#8220;fratello maggiore&#8221; che tutti hanno assaggiato almeno una volta, in cono od in coppetta.<br>Nonostante il nome, il cremolato non ha niente a che fare con la crema; piuttosto, si può assimilare alla grattachecca (alimento a base di ghiaccio grattato con l&#8217;aggiunta di succhi di frutta o sciroppi) con due importanti differenze.<br>Primo, la materia di base è composta da frutta e non sciroppi; secondo, la frutta viene prima frullata, poi ghiacciata, infine «grattuggiata» come si dice nel gergo dei gelatai in modo costante fino a ricavare un composto più fine di quello della granita.<br>Per creare un buon cremolato, si deve fare attenzione sopratutto a due fattori: la frutta e lo zucchero.<br>Per quanto riguarda la frutta, deve essere per forza abbondante, fresca e visibile sotto forma di &#8220;pezzettoni&#8221;; poi il tipo (melone, cocomero e via dicendo) è lasciato al gusto personale.<br>Va controllato bene anche allo zucchero, il cui dosaggio è fondamentale per evitare sia un prodotto troppo aspro che eccessivamente dolciastro, il rischio più comune.<br>Da tempo presente in Italia, il cremolato ha forse pagato il costo di produzione superiore rispetto a gelato e granita ed il perfezionismo necessario: per essere scelto, un cremolato deve essere infatti di qualità superiore.<br>Ora, però, tale alimento è riuscito a guadagnare il meritato posto al sole, diventando protagonista di numerosi locali. Se per esempio siete a Verona e volete provarlo, ecco la gelateria Oasi, in zona Golosine,&nbsp; locale apprezzato da giovani e giovanissimi ( http://gelateriaoasi.iport.it/ ).</p>



<p>Cremolato con vaniglia al gusto di fico<br>Ingredienti<br>250 gr di polpa di fico<br>250 cl d&#8217;acqua<br>60 gr. di zucchero<br>bacca di vaniglia<br>Preparazione<br>Passare e setacciare i fichi in modo da togliere il più possibile i semi ed ottenere una polpa quanto più possibile omogenea. Ammorbidire il tutto mettendo nell&#8217;acqua la bacca di vaniglia. A questo punto aggiungere nell&#8217;acqua la polpa di fichi e i 60 grammi di zucchero. Amalgamare bene il composto e mettere nel congelatore. Rimestare di tanto in tanto affinché la consistenza resti morbida ed il composto si possa cristallizzare senza però ghiacciare.</p>
]]></content:encoded>
					
					<wfw:commentRss>./../../../2023/03/02/gelato-no-cremato/feed/index.html</wfw:commentRss>
			<slash:comments>0</slash:comments>
		
		
			</item>
		<item>
		<title>Intollerante al lattosio? Non rinunciare a un buon gelato artigianale</title>
		<link>./../../../2023/03/02/intollerante-al-lattosio-non-rinunciare-a-un-buon-gelato-artigianale/index.html</link>
					<comments>./../../../2023/03/02/intollerante-al-lattosio-non-rinunciare-a-un-buon-gelato-artigianale/index.html#respond</comments>
		
		<dc:creator><![CDATA[Alessia]]></dc:creator>
		<pubDate>Thu, 02 Mar 2023 14:12:42 +0000</pubDate>
				<category><![CDATA[Gelato artigianale]]></category>
		<guid isPermaLink="false">./../../../index.html?p=45</guid>

					<description><![CDATA[Negli ultimi anni l’intolleranza al lattosio si è molto diffusa senza distinzioni di sesso ed età. Questa intolleranza rende incapace l’organismo di digerire il lattosio che è il principale disaccaride contenuto nel latte e nei suoi derivati. La causa sta nell’assenza di un enzima: l’enzima lattasi che si occupa di scindere gli zuccheri semplici in&#8230; <a class="more-link" href="./../../../2023/03/02/intollerante-al-lattosio-non-rinunciare-a-un-buon-gelato-artigianale/index.html">Continua a leggere <span class="screen-reader-text">Intollerante al lattosio? Non rinunciare a un buon gelato artigianale</span></a>]]></description>
										<content:encoded><![CDATA[
<p>Negli ultimi anni l’intolleranza al lattosio si è molto diffusa senza distinzioni di sesso ed età. Questa intolleranza rende incapace l’organismo di digerire il lattosio che è il principale disaccaride contenuto nel latte e nei suoi derivati. La causa sta nell’assenza di un enzima: l’enzima lattasi che si occupa di scindere gli zuccheri semplici in modo che questi siano assorbiti dall’apparato gastrointestinale.</p>



<p>Rinunciare a un buon&nbsp;<strong>gelato artigianale&nbsp;</strong>per chi è goloso, ma intollerante al lattosio può essere un grande sacrificio.</p>



<p>Da&nbsp;<strong>Vanilla Gelateria&nbsp;</strong>nessuna persona intollerante al lattosio dovrà fare un sacrificio e invidiare chi invece può gustare un cono o una coppetta di gelato.</p>



<p>Infatti nella&nbsp;<strong>gelateria gourmet&nbsp;</strong>di&nbsp;<strong>Legnano,&nbsp;</strong>il team di&nbsp;<strong>Vanilla&nbsp;</strong>è in grado di soddisfare l’esigenza di chi è intollerante al lattosio senza compromettere il gusto e la genuinità del prodotto</p>



<p>Alla&nbsp;<strong>gelateria Vanilla&nbsp;</strong>è possibile preparare un&nbsp;<strong>gelato wellness&nbsp;</strong>anche senza l’utilizzo del latte usando al suo posto la soia che ne è un ottimo sostituto. Questo ingrediente di origine vegetale permette di avere anche un’ampia varietà di gusti in modo da non togliere ai golosi il piacere e il gusto di un buon&nbsp;<strong>gelato artigianale&nbsp;</strong>che tenga conto delle loro particolari esigenze salutistiche. Per un vero&nbsp;<strong>gelato alla soia&nbsp;</strong>cremoso e gustoso.</p>



<p>Inoltre un’altra possibilità offerta agli intolleranti al lattosio è offerta dai gelati al gusto di frutta o sorbetti la cui preparazione non ha bisogno dei derivati del latte come latticello, panna, burro e caseina. Un piano B comunque squisito per un&nbsp;<strong>gelato che fa bene&nbsp;</strong>e che tiene conto anche della stagionalità, uno dei&nbsp;<em>must&nbsp;</em>di&nbsp;<strong>Vanilla Gelateria</strong>, preparato con&nbsp;<strong>ingredienti freschi di stagione e ingredienti selezionati.</strong></p>



<p>Se vi trovate a passare davanti alla&nbsp;<strong>gelateria Vanilla&nbsp;</strong>di&nbsp;<strong>Legnano&nbsp;</strong>non abbiate timori ed entrate poiché non è richiesto alcun sacrificio: dovete solo scegliere il gusto del vostro&nbsp;<strong>gelato alla soia&nbsp;</strong>o alla frutta che più di ogni altra vi rinfrescherà il palato.</p>
]]></content:encoded>
					
					<wfw:commentRss>./../../../2023/03/02/intollerante-al-lattosio-non-rinunciare-a-un-buon-gelato-artigianale/feed/index.html</wfw:commentRss>
			<slash:comments>0</slash:comments>
		
		
			</item>
		<item>
		<title>La cassata</title>
		<link>./../../../2023/03/02/la-cassata/index.html</link>
					<comments>./../../../2023/03/02/la-cassata/index.html#respond</comments>
		
		<dc:creator><![CDATA[Alessia]]></dc:creator>
		<pubDate>Thu, 02 Mar 2023 14:10:40 +0000</pubDate>
				<category><![CDATA[Pillole]]></category>
		<guid isPermaLink="false">./../../../index.html?p=42</guid>

					<description><![CDATA[Dal&#160;tipico dolce siciliano, nasce il nostro gusto di gelato. Ingredienti – Base (latte e derivati, zucchero e neutro)– Ricotta fresca– Canditi al naturale (cedro, limone e arancia)– Ingrediente segreto (così segreto che lo svelo nell’articolo :D) Ogni gusto&#160;necessita di un&#160;equilibrio fra i vari sapori&#160;che lo compongono. Nel gusto cassata abbiamo sperimentato che questo equilibrio è&#8230; <a class="more-link" href="./../../../2023/03/02/la-cassata/index.html">Continua a leggere <span class="screen-reader-text">La cassata</span></a>]]></description>
										<content:encoded><![CDATA[
<p>Dal&nbsp;<strong>tipico dolce siciliano</strong>, nasce il nostro gusto di gelato.</p>



<h3>Ingredienti</h3>



<p>– Base (latte e derivati, zucchero e neutro)<br>– Ricotta fresca<br>– Canditi al naturale (cedro, limone e arancia)<br>– Ingrediente segreto (così segreto che lo svelo nell’articolo :D)</p>



<p><strong>Ogni gusto</strong>&nbsp;necessita di un&nbsp;<strong>equilibrio fra i vari sapori</strong>&nbsp;che lo compongono. Nel gusto cassata abbiamo sperimentato che questo equilibrio è ancora più fragile e delicato.</p>



<h3>Difficoltà della ricetta</h3>



<p>Per i nostri gelati non utilizziamo ‘ricette pronte’. Questo d’altra parte ci consente di inserire tutti i nostri gusti nella nostra&nbsp;<a href="https://www.gelateriadellago.it/linea-eccellenza/" target="_blank" rel="noreferrer noopener">linea eccellenza</a>&nbsp;(senza aromi, coloranti e conservanti).<br><strong>Ogni nostro abbinamento è particolare e personale</strong>: realizziamo personalmente la variegatura ambrogio, i fichi caramellati che guarniscono la nostra noce, la salsa allo zenzero del nostro zen e tutto il resto.</p>



<p>Questo comporta il&nbsp;<strong>vantaggio</strong>&nbsp;di poter apportare delle continue piccole variazioni che ci permettono&nbsp;<strong>di ottenere il gusto da noi desiderato</strong>&nbsp;ma d’altra parte è un lavoro che può riservare diverse difficoltà.<br>In particolar modo queste difficoltà le abbiamo avute con la cassata.</p>



<h3>La nostra cassata negli anni</h3>



<p>Una decina di anni fa, per realizzare in nostro gusto utilizzavamo una pasta di un noto produttore di paste per gelateria. Fra le soluzioni proposte dai vari produttori questa era davvero ottima.</p>



<p>Poi come tutti i nostri gusti anche la Cassata è passata dentro al tritacarne della nostra voglia di rivisitare e rielaborare ogni singola ricetta partendo dalle semplici materie prime per sostituire tutti i composti ‘pronti all’uso’.</p>



<p>Quindi abbiamo trovato i frutti canditi (a differenza della pasta, totalmente privi di coloranti): cedro, limone e arancia (per poi mischiarli assieme) e abbiamo sostituito la ricotta in polvere con la ricotta fresca.<br>Risultato? Mancava qualcosa.</p>
]]></content:encoded>
					
					<wfw:commentRss>./../../../2023/03/02/la-cassata/feed/index.html</wfw:commentRss>
			<slash:comments>0</slash:comments>
		
		
			</item>
		<item>
		<title>I benefici</title>
		<link>./../../../2023/03/02/i-benefici/index.html</link>
					<comments>./../../../2023/03/02/i-benefici/index.html#respond</comments>
		
		<dc:creator><![CDATA[Alessia]]></dc:creator>
		<pubDate>Thu, 02 Mar 2023 14:07:43 +0000</pubDate>
				<category><![CDATA[Gelato artigianale]]></category>
		<guid isPermaLink="false">./../../../index.html?p=38</guid>

					<description><![CDATA[Il gelato artigianale offre molti benefici, tra i quali ricordiamo che può essere utilizzato come alternativa al pasto, visto l&#8217;apporto proteico e di calcio che offre, o può essere tranquillamente inserito nelle diete.]]></description>
										<content:encoded><![CDATA[
<p>Il gelato artigianale offre molti benefici, tra i quali ricordiamo che può essere utilizzato come alternativa al pasto, visto l&#8217;apporto proteico e di calcio che offre, o può essere tranquillamente inserito nelle diete.</p>
]]></content:encoded>
					
					<wfw:commentRss>./../../../2023/03/02/i-benefici/feed/index.html</wfw:commentRss>
			<slash:comments>0</slash:comments>
		
		
			</item>
		<item>
		<title>Gelato artigianale &#8211; requisiti minimi</title>
		<link>./../../../2023/03/02/gelato-artigianale-requisiti-minimi/index.html</link>
					<comments>./../../../2023/03/02/gelato-artigianale-requisiti-minimi/index.html#respond</comments>
		
		<dc:creator><![CDATA[Alessia]]></dc:creator>
		<pubDate>Thu, 02 Mar 2023 14:05:28 +0000</pubDate>
				<category><![CDATA[Gelato artigianale]]></category>
		<guid isPermaLink="false">./../../../index.html?p=35</guid>

					<description><![CDATA[Ci sono alcuni punti riconosciuti (quasi all’unanimità) necessari per parlare di gelato artigianale: 1. Il gelato&#160;non deve essere prodotto con processi industriali.2. Il gelato dovrebbe essere&#160;prodotto nello stesso luogo atto alla vendita&#160;o quantomeno nelle vicinanze in modo da non rendere necessario il congelamento della base liquida con la quale si andrà a produrre il gelato.&#8230; <a class="more-link" href="./../../../2023/03/02/gelato-artigianale-requisiti-minimi/index.html">Continua a leggere <span class="screen-reader-text">Gelato artigianale &#8211; requisiti minimi</span></a>]]></description>
										<content:encoded><![CDATA[
<p>Ci sono alcuni punti riconosciuti (quasi all’unanimità) necessari per parlare di gelato artigianale:<br><br>1. Il gelato&nbsp;<strong>non deve essere prodotto con processi industriali</strong>.<br>2. Il gelato dovrebbe essere&nbsp;<strong>prodotto nello stesso luogo atto alla vendita</strong>&nbsp;o quantomeno nelle vicinanze in modo da non rendere necessario il congelamento della base liquida con la quale si andrà a produrre il gelato.</p>



<p>In poche parole di norma si considera gelato artigianale un gelato che viene prodotto nel proprio laboratorio senza dare molto rilievo alle materie prime utilizzate.<br>Quindi dal termine ‘artigianale’ al momento abbiamo escluso solo le catene di gelaterie che si fanno consegnare il gelato già pronto (es. Crema e Cioccolato) o i cui prodotti vengono smistati da un unico centro produttivo (<a rel="noreferrer noopener" href="https://www.gamberorosso.it/notizie/grom-non-e-gelato-artigianale-la-vittoria-del-codacons-ma-in-italia-la-normativa-non-esiste/" target="_blank"><strong><em>es. Grom</em></strong></a>).</p>
]]></content:encoded>
					
					<wfw:commentRss>./../../../2023/03/02/gelato-artigianale-requisiti-minimi/feed/index.html</wfw:commentRss>
			<slash:comments>0</slash:comments>
		
		
			</item>
	</channel>
</rss>
