<?xml version="1.0" encoding="UTF-8"?><rss version="2.0"
	xmlns:content="http://purl.org/rss/1.0/modules/content/"
	xmlns:wfw="http://wellformedweb.org/CommentAPI/"
	xmlns:dc="http://purl.org/dc/elements/1.1/"
	xmlns:atom="http://www.w3.org/2005/Atom"
	xmlns:sy="http://purl.org/rss/1.0/modules/syndication/"
	xmlns:slash="http://purl.org/rss/1.0/modules/slash/"
	>

<channel>
	<title>Gelato artigianale &#8211; Gelateria ITALIANA</title>
	<atom:link href="http://localhost/gelateria/category/gelato-artigianale/feed/?simply_static_page=285" rel="self" type="application/rss+xml" />
	<link>./../../../index.html</link>
	<description></description>
	<lastBuildDate>Thu, 02 Mar 2023 14:15:29 +0000</lastBuildDate>
	<language>it-IT</language>
	<sy:updatePeriod>
	hourly	</sy:updatePeriod>
	<sy:updateFrequency>
	1	</sy:updateFrequency>
	<generator>https://wordpress.org/?v=6.1.1</generator>
	<item>
		<title>Intollerante al lattosio? Non rinunciare a un buon gelato artigianale</title>
		<link>./../../../2023/03/02/intollerante-al-lattosio-non-rinunciare-a-un-buon-gelato-artigianale/index.html</link>
					<comments>./../../../2023/03/02/intollerante-al-lattosio-non-rinunciare-a-un-buon-gelato-artigianale/index.html#respond</comments>
		
		<dc:creator><![CDATA[Alessia]]></dc:creator>
		<pubDate>Thu, 02 Mar 2023 14:12:42 +0000</pubDate>
				<category><![CDATA[Gelato artigianale]]></category>
		<guid isPermaLink="false">./../../../index.html?p=45</guid>

					<description><![CDATA[Negli ultimi anni l’intolleranza al lattosio si è molto diffusa senza distinzioni di sesso ed età. Questa intolleranza rende incapace l’organismo di digerire il lattosio che è il principale disaccaride contenuto nel latte e nei suoi derivati. La causa sta nell’assenza di un enzima: l’enzima lattasi che si occupa di scindere gli zuccheri semplici in&#8230; <a class="more-link" href="./../../../2023/03/02/intollerante-al-lattosio-non-rinunciare-a-un-buon-gelato-artigianale/index.html">Continua a leggere <span class="screen-reader-text">Intollerante al lattosio? Non rinunciare a un buon gelato artigianale</span></a>]]></description>
										<content:encoded><![CDATA[
<p>Negli ultimi anni l’intolleranza al lattosio si è molto diffusa senza distinzioni di sesso ed età. Questa intolleranza rende incapace l’organismo di digerire il lattosio che è il principale disaccaride contenuto nel latte e nei suoi derivati. La causa sta nell’assenza di un enzima: l’enzima lattasi che si occupa di scindere gli zuccheri semplici in modo che questi siano assorbiti dall’apparato gastrointestinale.</p>



<p>Rinunciare a un buon&nbsp;<strong>gelato artigianale&nbsp;</strong>per chi è goloso, ma intollerante al lattosio può essere un grande sacrificio.</p>



<p>Da&nbsp;<strong>Vanilla Gelateria&nbsp;</strong>nessuna persona intollerante al lattosio dovrà fare un sacrificio e invidiare chi invece può gustare un cono o una coppetta di gelato.</p>



<p>Infatti nella&nbsp;<strong>gelateria gourmet&nbsp;</strong>di&nbsp;<strong>Legnano,&nbsp;</strong>il team di&nbsp;<strong>Vanilla&nbsp;</strong>è in grado di soddisfare l’esigenza di chi è intollerante al lattosio senza compromettere il gusto e la genuinità del prodotto</p>



<p>Alla&nbsp;<strong>gelateria Vanilla&nbsp;</strong>è possibile preparare un&nbsp;<strong>gelato wellness&nbsp;</strong>anche senza l’utilizzo del latte usando al suo posto la soia che ne è un ottimo sostituto. Questo ingrediente di origine vegetale permette di avere anche un’ampia varietà di gusti in modo da non togliere ai golosi il piacere e il gusto di un buon&nbsp;<strong>gelato artigianale&nbsp;</strong>che tenga conto delle loro particolari esigenze salutistiche. Per un vero&nbsp;<strong>gelato alla soia&nbsp;</strong>cremoso e gustoso.</p>



<p>Inoltre un’altra possibilità offerta agli intolleranti al lattosio è offerta dai gelati al gusto di frutta o sorbetti la cui preparazione non ha bisogno dei derivati del latte come latticello, panna, burro e caseina. Un piano B comunque squisito per un&nbsp;<strong>gelato che fa bene&nbsp;</strong>e che tiene conto anche della stagionalità, uno dei&nbsp;<em>must&nbsp;</em>di&nbsp;<strong>Vanilla Gelateria</strong>, preparato con&nbsp;<strong>ingredienti freschi di stagione e ingredienti selezionati.</strong></p>



<p>Se vi trovate a passare davanti alla&nbsp;<strong>gelateria Vanilla&nbsp;</strong>di&nbsp;<strong>Legnano&nbsp;</strong>non abbiate timori ed entrate poiché non è richiesto alcun sacrificio: dovete solo scegliere il gusto del vostro&nbsp;<strong>gelato alla soia&nbsp;</strong>o alla frutta che più di ogni altra vi rinfrescherà il palato.</p>
]]></content:encoded>
					
					<wfw:commentRss>./../../../2023/03/02/intollerante-al-lattosio-non-rinunciare-a-un-buon-gelato-artigianale/feed/index.html</wfw:commentRss>
			<slash:comments>0</slash:comments>
		
		
			</item>
		<item>
		<title>I benefici</title>
		<link>./../../../2023/03/02/i-benefici/index.html</link>
					<comments>./../../../2023/03/02/i-benefici/index.html#respond</comments>
		
		<dc:creator><![CDATA[Alessia]]></dc:creator>
		<pubDate>Thu, 02 Mar 2023 14:07:43 +0000</pubDate>
				<category><![CDATA[Gelato artigianale]]></category>
		<guid isPermaLink="false">./../../../index.html?p=38</guid>

					<description><![CDATA[Il gelato artigianale offre molti benefici, tra i quali ricordiamo che può essere utilizzato come alternativa al pasto, visto l&#8217;apporto proteico e di calcio che offre, o può essere tranquillamente inserito nelle diete.]]></description>
										<content:encoded><![CDATA[
<p>Il gelato artigianale offre molti benefici, tra i quali ricordiamo che può essere utilizzato come alternativa al pasto, visto l&#8217;apporto proteico e di calcio che offre, o può essere tranquillamente inserito nelle diete.</p>
]]></content:encoded>
					
					<wfw:commentRss>./../../../2023/03/02/i-benefici/feed/index.html</wfw:commentRss>
			<slash:comments>0</slash:comments>
		
		
			</item>
		<item>
		<title>Gelato artigianale &#8211; requisiti minimi</title>
		<link>./../../../2023/03/02/gelato-artigianale-requisiti-minimi/index.html</link>
					<comments>./../../../2023/03/02/gelato-artigianale-requisiti-minimi/index.html#respond</comments>
		
		<dc:creator><![CDATA[Alessia]]></dc:creator>
		<pubDate>Thu, 02 Mar 2023 14:05:28 +0000</pubDate>
				<category><![CDATA[Gelato artigianale]]></category>
		<guid isPermaLink="false">./../../../index.html?p=35</guid>

					<description><![CDATA[Ci sono alcuni punti riconosciuti (quasi all’unanimità) necessari per parlare di gelato artigianale: 1. Il gelato&#160;non deve essere prodotto con processi industriali.2. Il gelato dovrebbe essere&#160;prodotto nello stesso luogo atto alla vendita&#160;o quantomeno nelle vicinanze in modo da non rendere necessario il congelamento della base liquida con la quale si andrà a produrre il gelato.&#8230; <a class="more-link" href="./../../../2023/03/02/gelato-artigianale-requisiti-minimi/index.html">Continua a leggere <span class="screen-reader-text">Gelato artigianale &#8211; requisiti minimi</span></a>]]></description>
										<content:encoded><![CDATA[
<p>Ci sono alcuni punti riconosciuti (quasi all’unanimità) necessari per parlare di gelato artigianale:<br><br>1. Il gelato&nbsp;<strong>non deve essere prodotto con processi industriali</strong>.<br>2. Il gelato dovrebbe essere&nbsp;<strong>prodotto nello stesso luogo atto alla vendita</strong>&nbsp;o quantomeno nelle vicinanze in modo da non rendere necessario il congelamento della base liquida con la quale si andrà a produrre il gelato.</p>



<p>In poche parole di norma si considera gelato artigianale un gelato che viene prodotto nel proprio laboratorio senza dare molto rilievo alle materie prime utilizzate.<br>Quindi dal termine ‘artigianale’ al momento abbiamo escluso solo le catene di gelaterie che si fanno consegnare il gelato già pronto (es. Crema e Cioccolato) o i cui prodotti vengono smistati da un unico centro produttivo (<a rel="noreferrer noopener" href="https://www.gamberorosso.it/notizie/grom-non-e-gelato-artigianale-la-vittoria-del-codacons-ma-in-italia-la-normativa-non-esiste/" target="_blank"><strong><em>es. Grom</em></strong></a>).</p>
]]></content:encoded>
					
					<wfw:commentRss>./../../../2023/03/02/gelato-artigianale-requisiti-minimi/feed/index.html</wfw:commentRss>
			<slash:comments>0</slash:comments>
		
		
			</item>
	</channel>
</rss>
